-- MySQL dump 10.16  Distrib 10.1.29-MariaDB, for debian-linux-gnu (x86_64)
--
-- Host: localhost    Database: carhibou
-- ------------------------------------------------------
-- Server version	10.1.29-MariaDB-6

/*!40101 SET @OLD_CHARACTER_SET_CLIENT=@@CHARACTER_SET_CLIENT */;
/*!40101 SET @OLD_CHARACTER_SET_RESULTS=@@CHARACTER_SET_RESULTS */;
/*!40101 SET @OLD_COLLATION_CONNECTION=@@COLLATION_CONNECTION */;
/*!40101 SET NAMES utf8mb4 */;
/*!40103 SET @OLD_TIME_ZONE=@@TIME_ZONE */;
/*!40103 SET TIME_ZONE='+00:00' */;
/*!40014 SET @OLD_UNIQUE_CHECKS=@@UNIQUE_CHECKS, UNIQUE_CHECKS=0 */;
/*!40014 SET @OLD_FOREIGN_KEY_CHECKS=@@FOREIGN_KEY_CHECKS, FOREIGN_KEY_CHECKS=0 */;
/*!40101 SET @OLD_SQL_MODE=@@SQL_MODE, SQL_MODE='NO_AUTO_VALUE_ON_ZERO' */;
/*!40111 SET @OLD_SQL_NOTES=@@SQL_NOTES, SQL_NOTES=0 */;

--
-- Table structure for table `commentaries`
--

DROP TABLE IF EXISTS `commentaries`;
/*!40101 SET @saved_cs_client     = @@character_set_client */;
/*!40101 SET character_set_client = utf8 */;
CREATE TABLE `commentaries` (
  `id` int(10) unsigned NOT NULL AUTO_INCREMENT,
  `content` text NOT NULL,
  `itinerary_id` int(10) unsigned NOT NULL,
  PRIMARY KEY (`id`)
) ENGINE=InnoDB AUTO_INCREMENT=3 DEFAULT CHARSET=utf8mb4;
/*!40101 SET character_set_client = @saved_cs_client */;

--
-- Dumping data for table `commentaries`
--

LOCK TABLES `commentaries` WRITE;
/*!40000 ALTER TABLE `commentaries` DISABLE KEYS */;
INSERT INTO `commentaries` VALUES (1,'Super trajet de fou ! Fantastique maggle !',25),(2,'Le contenu d\'un commentaire de test',26);
/*!40000 ALTER TABLE `commentaries` ENABLE KEYS */;
UNLOCK TABLES;

--
-- Table structure for table `itineraries`
--

DROP TABLE IF EXISTS `itineraries`;
/*!40101 SET @saved_cs_client     = @@character_set_client */;
/*!40101 SET character_set_client = utf8 */;
CREATE TABLE `itineraries` (
  `id` int(10) unsigned NOT NULL AUTO_INCREMENT,
  `user_id` int(10) unsigned NOT NULL,
  `start` varchar(30) NOT NULL,
  `arrival` varchar(30) NOT NULL,
  PRIMARY KEY (`id`),
  KEY `user_id` (`user_id`),
  CONSTRAINT `itineraries_ibfk_1` FOREIGN KEY (`user_id`) REFERENCES `itineraries` (`id`)
) ENGINE=InnoDB AUTO_INCREMENT=29 DEFAULT CHARSET=utf8mb4;
/*!40101 SET character_set_client = @saved_cs_client */;

--
-- Dumping data for table `itineraries`
--

LOCK TABLES `itineraries` WRITE;
/*!40000 ALTER TABLE `itineraries` DISABLE KEYS */;
INSERT INTO `itineraries` VALUES (1,1,'12.12;13.13','14.14;15.15'),(2,1,'12.12;13.13','14.14;15.15'),(3,1,'12.12;13.13','14.14;15.15'),(4,1,'12.12;13.13','14.14;15.15'),(5,1,'12.12;13.13','14.14;15.15'),(6,1,'12.12;13.13','14.14;15.15'),(7,1,'12.12;13.13','14.14;15.15'),(10,1,'12.12;13.13','14.14;15.15'),(11,1,'12.12;13.13','14.14;15.15'),(12,1,'12.12;13.13','14.14;15.15'),(15,1,'12.12;13.13','14.14;15.15'),(16,1,'12.12;13.13','14.14;15.15'),(17,1,'12.12;13.13','14.14;15.15'),(18,1,'12.12;13.13','14.14;15.15'),(19,1,'12.12;13.13','14.14;15.15'),(20,1,'12.12;13.13','14.14;15.15'),(21,1,'12.12;13.13','14.14;15.15'),(22,1,'12.12;13.13','14.14;15.15'),(23,1,'12.12;13.13','14.14;15.15'),(24,1,'12.12;13.13','14.14;15.15'),(25,1,'12.12;13.13','14.14;15.15'),(26,1,'12.12;13.13','14.14;15.15'),(27,1,'12.12;13.13','14.14;15.15'),(28,2,'43.6234377;1.4324005','43.613;1.393');
/*!40000 ALTER TABLE `itineraries` ENABLE KEYS */;
UNLOCK TABLES;

--
-- Table structure for table `notifications`
--

DROP TABLE IF EXISTS `notifications`;
/*!40101 SET @saved_cs_client     = @@character_set_client */;
/*!40101 SET character_set_client = utf8 */;
CREATE TABLE `notifications` (
  `id` int(10) unsigned NOT NULL AUTO_INCREMENT,
  `content` text NOT NULL,
  `title` varchar(50) NOT NULL,
  `href` text,
  `user_id` int(10) unsigned NOT NULL,
  `read` tinyint(1) NOT NULL,
  PRIMARY KEY (`id`),
  KEY `FK_user` (`user_id`),
  CONSTRAINT `FK_user` FOREIGN KEY (`user_id`) REFERENCES `users` (`id`)
) ENGINE=InnoDB AUTO_INCREMENT=2 DEFAULT CHARSET=utf8mb4;
/*!40101 SET character_set_client = @saved_cs_client */;

--
-- Dumping data for table `notifications`
--

LOCK TABLES `notifications` WRITE;
/*!40000 ALTER TABLE `notifications` DISABLE KEYS */;
INSERT INTO `notifications` VALUES (1,'Une superbe de notification qui a pour but de tester notre back','Test','localhost:8080/users',1,0);
/*!40000 ALTER TABLE `notifications` ENABLE KEYS */;
UNLOCK TABLES;

--
-- Table structure for table `points`
--

DROP TABLE IF EXISTS `points`;
/*!40101 SET @saved_cs_client     = @@character_set_client */;
/*!40101 SET character_set_client = utf8 */;
CREATE TABLE `points` (
  `id` int(10) unsigned NOT NULL AUTO_INCREMENT,
  `itinerary_id` int(10) unsigned NOT NULL,
  `lat` double NOT NULL,
  `lng` double NOT NULL,
  PRIMARY KEY (`id`),
  KEY `itinerary_id` (`itinerary_id`),
  CONSTRAINT `points_ibfk_1` FOREIGN KEY (`itinerary_id`) REFERENCES `itineraries` (`id`)
) ENGINE=InnoDB AUTO_INCREMENT=263 DEFAULT CHARSET=utf8mb4;
/*!40101 SET character_set_client = @saved_cs_client */;

--
-- Dumping data for table `points`
--

LOCK TABLES `points` WRITE;
/*!40000 ALTER TABLE `points` DISABLE KEYS */;
INSERT INTO `points` VALUES (1,16,10.1,11.11),(2,17,10.1,11.11),(3,18,10.1,11.11),(4,19,10.1,11.11),(5,20,10.1,11.11),(6,21,10.1,11.11),(7,22,10.1,11.11),(8,23,10.1,11.11),(9,24,10.1,11.11),(10,25,10.1,11.11),(11,26,10.1,11.11),(12,27,10.1,11.11),(13,27,10.2,11.13),(14,27,10,11.15),(15,28,43.681380000000004,1.35999),(16,28,43.68135,1.36),(17,28,43.68133,1.36003),(18,28,43.68133,1.3601200000000002),(19,28,43.68139,1.36017),(20,28,43.68142,1.3601500000000002),(21,28,43.68144,1.3601100000000002),(22,28,43.681610000000006,1.3602),(23,28,43.68171,1.36054),(24,28,43.68175,1.3608200000000001),(25,28,43.68175,1.3609000000000002),(26,28,43.68173,1.36094),(27,28,43.68139,1.3611300000000002),(28,28,43.68124,1.3612000000000002),(29,28,43.681180000000005,1.3611600000000001),(30,28,43.681110000000004,1.3610900000000001),(31,28,43.681050000000006,1.36108),(32,28,43.680800000000005,1.3612300000000002),(33,28,43.68077,1.3612600000000001),(34,28,43.68075,1.3613400000000002),(35,28,43.68072,1.3614000000000002),(36,28,43.68029000000001,1.36168),(37,28,43.68021,1.36173),(38,28,43.68041,1.3621),(39,28,43.680550000000004,1.3625),(40,28,43.68054,1.36253),(41,28,43.680530000000005,1.3625800000000001),(42,28,43.68052,1.36271),(43,28,43.680530000000005,1.3627300000000002),(44,28,43.68037,1.3629300000000002),(45,28,43.68025,1.36301),(46,28,43.67826,1.3639000000000001),(47,28,43.67671000000001,1.3646),(48,28,43.67598,1.3649300000000002),(49,28,43.67459,1.36556),(50,28,43.673610000000004,1.366),(51,28,43.67344000000001,1.3661100000000002),(52,28,43.67315000000001,1.36636),(53,28,43.67309,1.3664200000000002),(54,28,43.673030000000004,1.3664200000000002),(55,28,43.67297000000001,1.3664200000000002),(56,28,43.672900000000006,1.3664),(57,28,43.672810000000005,1.3663500000000002),(58,28,43.6728,1.3663200000000002),(59,28,43.67278,1.36627),(60,28,43.672720000000005,1.3662),(61,28,43.672630000000005,1.3661400000000001),(62,28,43.67250000000001,1.3661400000000001),(63,28,43.672470000000004,1.3661400000000001),(64,28,43.67235,1.3660800000000002),(65,28,43.672180000000004,1.36596),(66,28,43.6721,1.36592),(67,28,43.671980000000005,1.3659000000000001),(68,28,43.67186,1.3658800000000002),(69,28,43.67156000000001,1.3659100000000002),(70,28,43.671310000000005,1.36589),(71,28,43.67109000000001,1.36582),(72,28,43.67085,1.36568),(73,28,43.670590000000004,1.36542),(74,28,43.67045,1.36522),(75,28,43.66996,1.36429),(76,28,43.66978,1.36399),(77,28,43.66959000000001,1.3637100000000002),(78,28,43.66931,1.36341),(79,28,43.669050000000006,1.3631700000000002),(80,28,43.667640000000006,1.3620400000000001),(81,28,43.667550000000006,1.3618800000000002),(82,28,43.6674,1.36175),(83,28,43.66727,1.36162),(84,28,43.66711,1.36145),(85,28,43.66696,1.3612300000000002),(86,28,43.66687,1.36104),(87,28,43.666720000000005,1.36064),(88,28,43.666500000000006,1.3596300000000001),(89,28,43.6664,1.3593300000000001),(90,28,43.66633,1.3592000000000002),(91,28,43.666180000000004,1.3590600000000002),(92,28,43.66606,1.3590000000000002),(93,28,43.66593,1.35898),(94,28,43.66586,1.35898),(95,28,43.665800000000004,1.3590300000000002),(96,28,43.6649,1.35939),(97,28,43.66402,1.35976),(98,28,43.66378,1.3598800000000002),(99,28,43.6629,1.3603800000000001),(100,28,43.660160000000005,1.3622800000000002),(101,28,43.65872,1.36328),(102,28,43.658120000000004,1.36365),(103,28,43.65753,1.3639400000000002),(104,28,43.65708,1.3641400000000001),(105,28,43.65641,1.3643800000000001),(106,28,43.655710000000006,1.3645600000000002),(107,28,43.655120000000004,1.3646600000000002),(108,28,43.654540000000004,1.3647300000000002),(109,28,43.65256,1.36484),(110,28,43.65198,1.36487),(111,28,43.65151,1.3649200000000001),(112,28,43.6507,1.3650900000000001),(113,28,43.64992,1.36535),(114,28,43.6492,1.36568),(115,28,43.64866000000001,1.3659500000000002),(116,28,43.647270000000006,1.36664),(117,28,43.645630000000004,1.3674400000000002),(118,28,43.64475,1.36789),(119,28,43.64421,1.36819),(120,28,43.64381,1.3685),(121,28,43.64343,1.3689),(122,28,43.64318,1.3692300000000002),(123,28,43.642950000000006,1.36962),(124,28,43.64282,1.36989),(125,28,43.642590000000006,1.37046),(126,28,43.64238,1.37118),(127,28,43.64209,1.3722400000000001),(128,28,43.641830000000006,1.3731300000000002),(129,28,43.641670000000005,1.3735400000000002),(130,28,43.64155,1.3738100000000002),(131,28,43.64141,1.3740700000000001),(132,28,43.64123,1.37433),(133,28,43.641070000000006,1.37453),(134,28,43.64079,1.37481),(135,28,43.64031000000001,1.37518),(136,28,43.63866,1.37623),(137,28,43.63776,1.3768200000000002),(138,28,43.6366,1.3776400000000002),(139,28,43.635920000000006,1.37813),(140,28,43.63532,1.3786),(141,28,43.634710000000005,1.3790600000000002),(142,28,43.634370000000004,1.37925),(143,28,43.63416,1.37931),(144,28,43.63393000000001,1.3793600000000001),(145,28,43.63324,1.3794300000000002),(146,28,43.63290000000001,1.3795300000000001),(147,28,43.63264,1.37966),(148,28,43.63242,1.3798300000000001),(149,28,43.632270000000005,1.3799700000000001),(150,28,43.63212,1.38016),(151,28,43.63168,1.3808900000000002),(152,28,43.631530000000005,1.38115),(153,28,43.63138,1.38135),(154,28,43.63125,1.38151),(155,28,43.631040000000006,1.3817100000000002),(156,28,43.63082000000001,1.3818800000000002),(157,28,43.63074,1.3820000000000001),(158,28,43.62984,1.3826),(159,28,43.629290000000005,1.38294),(160,28,43.62820000000001,1.38355),(161,28,43.627860000000005,1.38369),(162,28,43.627610000000004,1.38376),(163,28,43.62747,1.3837100000000002),(164,28,43.62718,1.38376),(165,28,43.626940000000005,1.38378),(166,28,43.626720000000006,1.3837700000000002),(167,28,43.62648,1.3837100000000002),(168,28,43.626090000000005,1.38359),(169,28,43.625930000000004,1.3835000000000002),(170,28,43.62581,1.38338),(171,28,43.625730000000004,1.3831900000000001),(172,28,43.625710000000005,1.38304),(173,28,43.625750000000004,1.3828900000000002),(174,28,43.62574,1.3827800000000001),(175,28,43.625690000000006,1.3826600000000002),(176,28,43.625620000000005,1.3826),(177,28,43.62554,1.38257),(178,28,43.62547000000001,1.3825800000000001),(179,28,43.62539,1.38263),(180,28,43.62534,1.38271),(181,28,43.62532,1.38277),(182,28,43.625310000000006,1.38288),(183,28,43.62532,1.38298),(184,28,43.62538000000001,1.38311),(185,28,43.62545,1.38315),(186,28,43.625530000000005,1.38317),(187,28,43.62561,1.38314),(188,28,43.62585000000001,1.38361),(189,28,43.626200000000004,1.3841400000000001),(190,28,43.62633,1.38437),(191,28,43.62646,1.3845200000000002),(192,28,43.62655,1.3846600000000002),(193,28,43.62666,1.3848200000000002),(194,28,43.62662,1.38488),(195,28,43.62657,1.38501),(196,28,43.62657,1.3851000000000002),(197,28,43.626520000000006,1.38521),(198,28,43.62646,1.38525),(199,28,43.62633,1.38528),(200,28,43.62622,1.3852900000000001),(201,28,43.626050000000006,1.3854000000000002),(202,28,43.62585000000001,1.3856000000000002),(203,28,43.625130000000006,1.3864500000000002),(204,28,43.624900000000004,1.38677),(205,28,43.62456,1.38744),(206,28,43.62382,1.3890200000000001),(207,28,43.62366,1.38941),(208,28,43.62364,1.38944),(209,28,43.62362,1.38951),(210,28,43.62362,1.38955),(211,28,43.62355,1.3896400000000002),(212,28,43.62350000000001,1.3897300000000001),(213,28,43.62342,1.38992),(214,28,43.62321,1.3904500000000002),(215,28,43.623090000000005,1.3907200000000002),(216,28,43.62286,1.39114),(217,28,43.62268,1.3915000000000002),(218,28,43.62256000000001,1.3918100000000002),(219,28,43.622240000000005,1.3924),(220,28,43.62201,1.3930300000000002),(221,28,43.621880000000004,1.39348),(222,28,43.62176,1.3943100000000002),(223,28,43.62171,1.3948),(224,28,43.621660000000006,1.39542),(225,28,43.621750000000006,1.39612),(226,28,43.62173000000001,1.3964100000000002),(227,28,43.62172,1.3965),(228,28,43.62153000000001,1.39653),(229,28,43.621430000000004,1.39656),(230,28,43.62133,1.3966),(231,28,43.62127,1.39667),(232,28,43.62125,1.39674),(233,28,43.621030000000005,1.3967200000000002),(234,28,43.62059000000001,1.3967500000000002),(235,28,43.61994000000001,1.3967900000000002),(236,28,43.619490000000006,1.39681),(237,28,43.618840000000006,1.39681),(238,28,43.61883,1.3967800000000001),(239,28,43.61881,1.39677),(240,28,43.618770000000005,1.3967500000000002),(241,28,43.618700000000004,1.39677),(242,28,43.618680000000005,1.3967900000000002),(243,28,43.61867,1.3968),(244,28,43.61833,1.3968200000000002),(245,28,43.61793,1.39684),(246,28,43.61784,1.3968500000000001),(247,28,43.617830000000005,1.3968),(248,28,43.61782,1.3967600000000002),(249,28,43.61778,1.3967),(250,28,43.61731,1.3961500000000002),(251,28,43.616960000000006,1.3957700000000002),(252,28,43.61652,1.3952900000000001),(253,28,43.616290000000006,1.3951),(254,28,43.616130000000005,1.3949900000000002),(255,28,43.615840000000006,1.3948500000000001),(256,28,43.615520000000004,1.3947),(257,28,43.61484,1.39433),(258,28,43.6146,1.39416),(259,28,43.614160000000005,1.3937300000000001),(260,28,43.613620000000004,1.39325),(261,28,43.613420000000005,1.3930600000000002),(262,28,43.613080000000004,1.3928);
/*!40000 ALTER TABLE `points` ENABLE KEYS */;
UNLOCK TABLES;

--
-- Table structure for table `users`
--

DROP TABLE IF EXISTS `users`;
/*!40101 SET @saved_cs_client     = @@character_set_client */;
/*!40101 SET character_set_client = utf8 */;
CREATE TABLE `users` (
  `id` int(10) unsigned NOT NULL AUTO_INCREMENT,
  `username` varchar(30) NOT NULL,
  `email` varchar(30) NOT NULL,
  `password` varchar(30) NOT NULL,
  `token` text,
  PRIMARY KEY (`id`)
) ENGINE=InnoDB AUTO_INCREMENT=4 DEFAULT CHARSET=utf8mb4;
/*!40101 SET character_set_client = @saved_cs_client */;

--
-- Dumping data for table `users`
--

LOCK TABLES `users` WRITE;
/*!40000 ALTER TABLE `users` DISABLE KEYS */;
INSERT INTO `users` VALUES (1,'zozo','Zozoleclown1@gmail.com','test','testtoken'),(2,'huges','pierrick.couget@gmail.com','test',''),(3,'bob','zalkjhazr@gmail.com','test',NULL);
/*!40000 ALTER TABLE `users` ENABLE KEYS */;
UNLOCK TABLES;
/*!40103 SET TIME_ZONE=@OLD_TIME_ZONE */;

/*!40101 SET SQL_MODE=@OLD_SQL_MODE */;
/*!40014 SET FOREIGN_KEY_CHECKS=@OLD_FOREIGN_KEY_CHECKS */;
/*!40014 SET UNIQUE_CHECKS=@OLD_UNIQUE_CHECKS */;
/*!40101 SET CHARACTER_SET_CLIENT=@OLD_CHARACTER_SET_CLIENT */;
/*!40101 SET CHARACTER_SET_RESULTS=@OLD_CHARACTER_SET_RESULTS */;
/*!40101 SET COLLATION_CONNECTION=@OLD_COLLATION_CONNECTION */;
/*!40111 SET SQL_NOTES=@OLD_SQL_NOTES */;

-- Dump completed on 2018-04-06 16:02:40
